model,accuracy,precision,recall,f1_score,balanced_accuracy,mcc,specificity,npv,fpr,fnr,roc_auc,pr_auc,tn,fp,fn,tp
Random Forest,0.8702327163192927,0.8164316504712501,0.9860142945380747,0.8932454036770584,0.8571963364582265,0.7528830890921843,0.7283783783783784,0.9770156612529002,0.2716216216216216,0.013985705461925351,0.9791404148015483,0.9829305238564983,26950,10050,634,44698
Deep Learning,0.853434873439246,0.7935958765070343,0.9917497573458043,0.8816763578243433,0.8378613651593887,0.7255411927850137,0.683972972972973,0.9854367041781862,0.316027027027027,0.008250242654195711,0.979216124997317,0.9843135717368986,25307,11693,374,44958
KNN,0.8423334790846815,0.791655397486522,0.9685431924468366,0.8712112944351295,0.8281229475747697,0.6962001933043963,0.6877027027027027,0.9469316363365711,0.31229729729729727,0.03145680755316333,0.9442012041490887,0.9305041243868181,25445,11555,1426,43906
SVM,0.8144828256328037,0.7498753034283244,0.994926321362393,0.8551925520013652,0.7941658633838993,0.659603105737967,0.5934054054054054,0.9896331019561886,0.40659459459459457,0.005073678637606989,0.9459414869515241,0.9532809834400238,21956,15044,230,45102
Logistic Regression,0.8096730311422047,0.7535040339122111,0.9724477190505603,0.8490889479563928,0.7913454811469017,0.6391532598359946,0.6102432432432432,0.9475826758435454,0.38975675675675675,0.02755228094943969,0.9556235753754285,0.9661102725652111,22579,14421,1249,44083
