{
  "Logistic Regression": {
    "accuracy": 0.9999878540543167,
    "precision": 0.9999779410142722,
    "recall": 1.0,
    "f1_score": 0.9999889703854851,
    "balanced_accuracy": 0.9999864864864865,
    "mcc": 0.9999754569905372,
    "specificity": 0.9999729729729729,
    "npv": 1.0,
    "fpr": 2.7027027027027027e-05,
    "fnr": 0.0,
    "confusion_matrix": [
      [
        36999,
        1
      ],
      [
        0,
        45332
      ]
    ],
    "roc_auc": 1.0,
    "pr_auc": 1.0
  },
  "Random Forest": {
    "accuracy": 1.0,
    "precision": 1.0,
    "recall": 1.0,
    "f1_score": 1.0,
    "balanced_accuracy": 1.0,
    "mcc": 1.0,
    "specificity": 1.0,
    "npv": 1.0,
    "fpr": 0.0,
    "fnr": 0.0,
    "confusion_matrix": [
      [
        37000,
        0
      ],
      [
        0,
        45332
      ]
    ],
    "roc_auc": 1.0,
    "pr_auc": 1.0
  },
  "SVM": {
    "accuracy": 0.994752951464801,
    "precision": 0.9912257669248611,
    "recall": 0.9993161563575399,
    "f1_score": 0.9952545202891228,
    "balanced_accuracy": 0.994239159259851,
    "mcc": 0.9894284356767676,
    "specificity": 0.9891621621621621,
    "npv": 0.9991536991536991,
    "fpr": 0.010837837837837839,
    "fnr": 0.0006838436424600724,
    "confusion_matrix": [
      [
        36599,
        401
      ],
      [
        31,
        45301
      ]
    ],
    "roc_auc": 0.9999787567281391,
    "pr_auc": 0.9999827616707174
  },
  "KNN": {
    "accuracy": 0.991740756935335,
    "precision": 0.9867445713787389,
    "recall": 0.9984117179917057,
    "f1_score": 0.9925438596491228,
    "balanced_accuracy": 0.9909896427796366,
    "mcc": 0.9833736633633724,
    "specificity": 0.9835675675675676,
    "npv": 0.998025449758666,
    "fpr": 0.016432432432432434,
    "fnr": 0.0015882820082943616,
    "confusion_matrix": [
      [
        36392,
        608
      ],
      [
        72,
        45260
      ]
    ],
    "roc_auc": 0.9977344960662595,
    "pr_auc": 0.9965389950723289
  },
  "Deep Learning": {
    "accuracy": 0.9999028324345334,
    "precision": 0.9998897075043014,
    "recall": 0.9999338215829877,
    "f1_score": 0.9999117640570887,
    "balanced_accuracy": 0.9998993432239263,
    "mcc": 0.9998036542316956,
    "specificity": 0.9998648648648648,
    "npv": 0.9999189145359209,
    "fpr": 0.00013513513513513514,
    "fnr": 6.617841701226507e-05,
    "confusion_matrix": [
      [
        36995,
        5
      ],
      [
        3,
        45329
      ]
    ],
    "roc_auc": 0.9999999844987492,
    "pr_auc": 0.9999999873498894,
    "threshold": 0.2
  }
}