{
  "Logistic Regression": {
    "accuracy": 0.9999878540543167,
    "precision": 0.9999779410142722,
    "recall": 1.0,
    "f1_score": 0.9999889703854851,
    "confusion_matrix": [
      [
        36999,
        1
      ],
      [
        0,
        45332
      ]
    ]
  },
  "Random Forest": {
    "accuracy": 1.0,
    "precision": 1.0,
    "recall": 1.0,
    "f1_score": 1.0,
    "confusion_matrix": [
      [
        37000,
        0
      ],
      [
        0,
        45332
      ]
    ]
  },
  "SVM": {
    "accuracy": 0.994752951464801,
    "precision": 0.9912257669248611,
    "recall": 0.9993161563575399,
    "f1_score": 0.9952545202891228,
    "confusion_matrix": [
      [
        36599,
        401
      ],
      [
        31,
        45301
      ]
    ]
  },
  "KNN": {
    "accuracy": 0.991740756935335,
    "precision": 0.9867445713787389,
    "recall": 0.9984117179917057,
    "f1_score": 0.9925438596491228,
    "confusion_matrix": [
      [
        36392,
        608
      ],
      [
        72,
        45260
      ]
    ]
  },
  "Deep Learning": {
    "accuracy": 0.9999271243259,
    "precision": 0.9999779385810096,
    "recall": 0.9998897026383129,
    "f1_score": 0.999933818663137,
    "confusion_matrix": [
      [
        36999,
        1
      ],
      [
        5,
        45327
      ]
    ]
  }
}