{
  "Logistic Regression": {
    "accuracy": 0.8096730311422047,
    "precision": 0.7535040339122111,
    "recall": 0.9724477190505603,
    "f1_score": 0.8490889479563928,
    "balanced_accuracy": 0.7913454811469017,
    "mcc": 0.6391532598359946,
    "specificity": 0.6102432432432432,
    "npv": 0.9475826758435454,
    "fpr": 0.38975675675675675,
    "fnr": 0.02755228094943969,
    "confusion_matrix": [
      [
        22579,
        14421
      ],
      [
        1249,
        44083
      ]
    ],
    "roc_auc": 0.9556235753754285,
    "pr_auc": 0.9661102725652111
  },
  "Random Forest": {
    "accuracy": 0.8702327163192927,
    "precision": 0.8164316504712501,
    "recall": 0.9860142945380747,
    "f1_score": 0.8932454036770584,
    "balanced_accuracy": 0.8571963364582265,
    "mcc": 0.7528830890921843,
    "specificity": 0.7283783783783784,
    "npv": 0.9770156612529002,
    "fpr": 0.2716216216216216,
    "fnr": 0.013985705461925351,
    "confusion_matrix": [
      [
        26950,
        10050
      ],
      [
        634,
        44698
      ]
    ],
    "roc_auc": 0.9791404148015483,
    "pr_auc": 0.9829305238564983
  },
  "SVM": {
    "accuracy": 0.8144828256328037,
    "precision": 0.7498753034283244,
    "recall": 0.994926321362393,
    "f1_score": 0.8551925520013652,
    "balanced_accuracy": 0.7941658633838993,
    "mcc": 0.659603105737967,
    "specificity": 0.5934054054054054,
    "npv": 0.9896331019561886,
    "fpr": 0.40659459459459457,
    "fnr": 0.005073678637606989,
    "confusion_matrix": [
      [
        21956,
        15044
      ],
      [
        230,
        45102
      ]
    ],
    "roc_auc": 0.9459414869515241,
    "pr_auc": 0.9532809834400238
  },
  "KNN": {
    "accuracy": 0.8423334790846815,
    "precision": 0.791655397486522,
    "recall": 0.9685431924468366,
    "f1_score": 0.8712112944351295,
    "balanced_accuracy": 0.8281229475747697,
    "mcc": 0.6962001933043963,
    "specificity": 0.6877027027027027,
    "npv": 0.9469316363365711,
    "fpr": 0.31229729729729727,
    "fnr": 0.03145680755316333,
    "confusion_matrix": [
      [
        25445,
        11555
      ],
      [
        1426,
        43906
      ]
    ],
    "roc_auc": 0.9442012041490887,
    "pr_auc": 0.9305041243868181
  },
  "Deep Learning": {
    "accuracy": 0.853434873439246,
    "precision": 0.7935958765070343,
    "recall": 0.9917497573458043,
    "f1_score": 0.8816763578243433,
    "balanced_accuracy": 0.8378613651593887,
    "mcc": 0.7255411927850137,
    "specificity": 0.683972972972973,
    "npv": 0.9854367041781862,
    "fpr": 0.316027027027027,
    "fnr": 0.008250242654195711,
    "confusion_matrix": [
      [
        25307,
        11693
      ],
      [
        374,
        44958
      ]
    ],
    "roc_auc": 0.979216124997317,
    "pr_auc": 0.9843135717368986,
    "threshold": 0.56
  }
}