model,accuracy,precision,recall,f1_score,tn,fp,fn,tp
Random Forest,1.0,1.0,1.0,1.0,37000,0,0,45332
Logistic Regression,0.9999878540543167,0.9999779410142722,1.0,0.9999889703854851,36999,1,0,45332
Deep Learning,0.9999271243259,0.9999779385810096,0.9998897026383129,0.999933818663137,36999,1,5,45327
SVM,0.994752951464801,0.9912257669248611,0.9993161563575399,0.9952545202891228,36599,401,31,45301
KNN,0.991740756935335,0.9867445713787389,0.9984117179917057,0.9925438596491228,36392,608,72,45260
